,bad-tickers
0,BUJAW-US
1,GLIV-US
2,GNL-P-E-US
3,HROWM-US
4,HSPOW-US
5,IBDY-US
6,MFAN-US
7,MYSE-LSE
8,NFAM-TO
9,HEC-P-V
10,ACBB-BE
11,SJJ-BE
12,SWVK-BE
13,TGK-MU
14,VTSC-STU
15,03F-F
16,06Y-F
17,08M-F
18,0LA-F
19,1R3-F
20,1WH-F
21,23K-F
22,2LK-F
23,2YP-F
24,30X-F
25,32RD-F
26,36J-F
27,4BL-F
28,4MO-F
29,4NCA-F
30,5I4-F
31,6GU-F
32,6HQ0-F
33,6TW-F
34,75J-F
35,7J4-F
36,7QT-F
37,7X9-F
38,86W-F
39,8KC-F
40,8KH-F
41,8QP-F
42,8TE-F
43,97V-F
44,AZ9-F
45,BJG-F
46,CBGC-F
47,CCY-F
48,CVGU-F
49,FIG-F
50,GM8-F
51,J97-F
52,JALA-F
53,JR9-F
54,KE8A-F
55,KS70-F
56,LKY1-F
57,LNN0-F
58,LQPA-F
59,P750-F
60,PER0-F
61,PUP0-F
62,S3K-F
63,SUVA-F
64,TI9-F
65,TKY0-F
66,W2F-F
67,WOP0-F
68,YT2-F
69,MRK-VI
70,ALVO-IC
71,REFL-OL
72,NVL-USE
73,ICLE-EGX
74,PHTV-EGX
75,ROYALEX-XNSA
76,AIRTEL-MSE
77,SG-XNAI
78,ASL-SEM
79,041510-KO
80,043710-KO
81,083500-KO
82,198080-KO
83,270520-KO
84,352480-KO
85,424980-KO
86,008260-KQ
87,248170-KQ
88,394280-KQ
89,GSP-BUD
90,BRP-WAR
91,JSCL-KAR
92,STPL-KAR
93,001298-SHE
94,301359-SHE
95,603057-SHG
96,688130-SHG
97,EASTN0000-CM
98,TAJN0000-CM
99,BKC-VN
100,C47-VN
101,MKV-VN
102,PLP-VN
103,PSI-VN
104,PTL-VN
105,TOT-VN
106,BTR-US
107,ECCV-US
108,PAWH-US
109,PBKC-US
110,THBD-US
111,IKIV-LSE
112,PEMC-V
113,8GA-BE
114,FPLB-BE
115,GHU-BE
116,KB2-BE
117,LSX-BE
118,LX6-BE
119,NE9-BE
120,RPD-BE
121,RSM-BE
122,SHN-BE
123,W8A-HM
124,ESOM-XETRA
125,HTG-DU
126,TTO-DU
127,US3-DU
128,GOB-HA
129,3SD-MU
130,FEW-MU
131,UFP-MU
132,4SP-STU
133,A3P-STU
134,CFJA-STU
135,EUK3-STU
136,HLU-STU
137,MOV-STU
138,OPQ-STU
139,RO1-STU
140,UK6A-STU
141,VG8-STU
142,08F-F
143,1CW-F
144,1FS0-F
145,1GDA-F
146,1OD-F
147,36G-F
148,3CT0-F
149,3TW-F
150,45H-F
151,59S-F
152,5NW-F
153,5ZF-F
154,6K7-F
155,6L6-F
156,8EP-F
157,8EV-F
158,9L2-F
159,9U90-F
160,CFX0-F
161,CONA-F
162,E3B0-F
163,FOO0-F
164,HL80-F
165,JTJ2-F
166,KTSA-F
167,L33-F
168,MCS-F
169,P31Q-F
170,R07-F
171,TH2P-F
172,V2N-F
173,W1T-F
174,XRP2-F
175,XZ9-F
176,YZAU-F
177,ZUY-F
178,YEUR-MC
179,WEIASCA-CO
180,SEEDCO-XBOT
181,UNIONDICON-XNSA
182,VETGRIF30-XNSA
183,LKL-XNAI
184,GCL-SEM
185,MOROIL-SEM
186,IBITEC-F-TA
187,060850-KO
188,254120-KO
189,290690-KO
190,348080-KO
191,407400-KO
192,408900-KO
193,001527-KQ
194,002380-KQ
195,004440-KQ
196,005490-KQ
197,012160-KQ
198,018500-KQ
199,023800-KQ
200,027970-KQ
201,033240-KQ
202,036460-KQ
203,425040-KQ
204,BHX-WAR
205,BTK-WAR
206,DSL-KAR
207,HYGN-JK
208,PRM-R-BK
209,RISHABH-NSE
210,UDS-NSE
211,603153-SHG
212,688503-SHG
213,BALAN0000-CM
214,MRHN0000-CM
215,SERVN0000-CM
216,BAB-VN
217,BCF-VN
218,NHH-VN
219,TDG-VN
220,VNR-VN
221,BIOW-RO
222,0QIX-IL
223,ADRS2-ZSE
224,MGKL-MCX
225,EUPWR-IS
226,GIPTA-IS
227,ARMM-US
228,ECML-US
229,IMMB-US
230,SIRCD-US
231,SOVF-US
232,SSSSL-US
233,TRGEF-US
234,NICK-V
235,TRBC-V
236,C1V-BE
237,FKM-BE
238,HYW-BE
239,LAN-BE
240,MWB-BE
241,R4I-BE
242,RPHA-BE
243,ARO-HM
244,FRS-HM
245,HCG-HM
246,SCI-HM
247,CEA-DU
248,CWB-DU
249,OWQ-DU
250,VPK5-DU
251,HRPK-MU
252,ORG-MU
253,UNC-MU
254,W7L-MU
255,3NR-STU
256,C7K-STU
257,FUK-STU
258,OR8-STU
259,SB1-STU
260,SD0-STU
261,TU9-STU
262,0JZ-F
263,0NT-F
264,0WQ0-F
265,1J2-F
266,1W7-F
267,24C-F
268,28F0-F
269,2FK-F
270,3R2-F
271,3U3-F
272,41C-F
273,5IA-F
274,5YL-F
275,72Q-F
276,777-F
277,7IB-F
278,84R-F
279,8HJ-F
280,9ED-F
281,9N4-F
282,9P4-F
283,9PU-F
284,9S4-F
285,A9Q-F
286,BP2A-F
287,CBH-F
288,ECEA-F
289,GRP-F
290,IGV-F
291,J4V-F
292,M00-F
293,N8HP-F
294,P3K-F
295,P82-F
296,R06-F
297,S2R-F
298,U060-F
299,VIC-F
300,WK0-F
301,WY52-F
302,YHAA-F
303,YSY-F
304,MLEAS-PA
305,BAILDKOAA-CO
306,SDIOFF-CO
307,WEIMGA-CO
308,BOC-XNAI
309,HIVE-TA
310,099750-KO
311,137080-KO
312,290740-KO
313,317530-KO
314,323990-KO
315,356680-KO
316,011070-KQ
317,051915-KQ
318,227610-KQ
319,CCR-WAR
320,ICG-WAR
321,MLM-WAR
322,TELE-KAR
323,KING-JK
324,001256-SHE
325,180201-SHE
326,AAAK-AT
327,508000-SHG
328,688362-SHG
329,688562-SHG
330,VLLN0000-CM
331,MAC-VN
332,QTC-VN
333,JNAF-ZSE
334,6753-TW
335,BCEIF-US
336,BEPI-US
337,CNCOF-US
338,EFC-P-D-US
339,KTN-US
340,NFUNF-US
341,OWUV-US
342,SFWJ-US
343,SHPP-US
344,SOUB-US
345,TNMD-US
346,BLDS-V
347,MAW-V
348,ACO5-BE
349,BOP-BE
350,CTI-BE
351,ERO1-BE
352,FRS-BE
353,HRPK-BE
354,IUB-BE
355,JMI-BE
356,K20A-BE
357,PW5-BE
358,R8D-BE
359,S2J-BE
360,SQU-BE
361,WHF4-BE
362,BIJ-HM
363,ST5-HM
364,SQS-XETRA
365,3MI-DU
366,ER7-DU
367,RTO1-DU
368,SR9-DU
369,NAQ-HA
370,NMM-HA
371,C8V-MU
372,CTAA-MU
373,FOU1-MU
374,GBQ-MU
375,8JN-STU
376,B5H-STU
377,E1E-STU
378,FHW-STU
379,HYI-STU
380,I8T-STU
381,KYC-STU
382,QH9-STU
383,RH6B-STU
384,SVT1-STU
385,SWL-STU
386,0KN-F
387,14S-F
388,1EL-F
389,1V0-F
390,25F0-F
391,2T7-F
392,3AD1-F
393,4B70-F
394,4C8-F
395,64J-F
396,7T8-F
397,7W5-F
398,7XH-F
399,8320-F
400,8GW-F
401,93V-F
402,97Q-F
403,9QZ-F
404,BOI7-F
405,BUW-F
406,BZA-F
407,DSYA-F
408,DWNP-F
409,G7N-F
410,GQN2-F
411,HXCK-F
412,I54-F
413,J6J-F
414,JC4-F
415,TP21-F
416,VOH-F
417,XP7-F
418,XPX-F
419,HAIOF80A-CO
420,NDIMLOKL1-CO
421,PUMA-LUSE
422,ACGC-EGX
423,ACCESS-GSE
424,FML-GSE
425,062970-KO
426,089970-KO
427,163730-KO
428,417180-KO
429,448730-KO
430,000815-KQ
431,002140-KQ
432,005810-KQ
433,006280-KQ
434,010950-KQ
435,019170-KQ
436,081660-KQ
437,123690-KQ
438,206650-KQ
439,PERGY-BUD
440,ESG-WAR
441,PREMA-KAR
442,CBAPL-AU
443,SMGA-JK
444,BYD-R-BK
445,NEX-R-BK
446,688455-SHG
447,688523-SHG
448,SIGVN0000-CM
449,ADC-VN
450,CSC-VN
451,VIT-VN
452,PREB-RO
453,6446-TW
454,UGLD-MCX
455,6923-TWO
456,BORSK-IS
457,MEGMT-IS
458,ATCN-US
459,BBTT-US
460,FNMCF-US
461,HELO-US
462,IROHR-US
463,LGTT-US
464,PVOZ-US
465,RYDE-US
466,NABB-LSE
467,BFE-BE
468,EB4-BE
469,FW3-BE
470,P911-BE
471,PBU-BE
472,RX4-BE
473,STG-BE
474,SWL-BE
475,TYG-BE
476,XD4-BE
477,QBI-HM
478,SE3-HM
479,LEC-DU
480,LS4C-DU
481,WCMK-DU
482,ENL-HA
483,TOM-HA
484,ABS2-MU
485,CLRN-MU
486,EDGA-MU
487,KA8-MU
488,MLL-MU
489,2OF-STU
490,DVK-STU
491,EZQ-STU
492,HA3-STU
493,IDG-STU
494,LSX-STU
495,LYU-STU
496,T3T1-STU
497,ZRE-STU
498,0XL0-F
499,1FY-F
500,1LU0-F
501,27F0-F
502,28MA-F
503,2KS-F
504,2ZQ-F
505,3OZ0-F
506,59K-F
507,5WS-F
508,6D71-F
509,6WZ-F
510,6YD-F
511,8T2-F
512,905-F
513,9F7-F
514,9RJ-F
515,ABBA-F
516,AP6-F
517,BX9-F
518,CLVB-F
519,EEE-F
520,EH2-F
521,FO5B-F
522,GIX0-F
523,HW4-F
524,IBE5-F
525,ON4-F
526,REC-F
527,RMC0-F
528,UGB1-F
529,WRE1-F
530,WTT0-F
531,X64-F
532,ZJ1-F
533,BE0941244536-BR
534,INIFY-OL
535,CWIASKLA-CO
536,HAKI-B-ST
537,ACCESS-XBOT
538,FIDSON-XNSA
539,CIL-XNAI
540,EQDOM-BC
541,MUA-SEM
542,014620-KO
543,237820-KO
544,317850-KO
545,355150-KO
546,389470-KO
547,001515-KQ
548,003960-KQ
549,006360-KQ
550,007310-KQ
551,009155-KQ
552,030610-KQ
553,AQT-WAR
554,JSML-KAR
555,MEHT-KAR
556,SIEM-KAR
557,PPRI-JK
558,PTPS-JK
559,301295-SHE
560,688053-SHG
561,688249-SHG
562,688498-SHG
563,HNBX0000-CM
564,PARQN0000-CM
565,HAT-VN
566,BGNX-US
567,BKHAU-US
568,GBNW-US
569,GSIW-US
570,IAHL-US
571,NKPH-US
572,TROG-US
573,UNIY-US
574,0N2X-LSE
575,FADL-LSE
576,MSCL-TO
577,8EE-BE
578,ARO-BE
579,CBW-BE
580,CQ3-BE
581,HKC-BE
582,HY7-BE
583,JFIK-BE
584,LCQ-BE
585,QY6-BE
586,S8A-BE
587,SU4-BE
588,WVDA-BE
589,ESLA-HM
590,HRPK-HM
591,RSM-HM
592,AFW-DU
593,KRX-DU
594,KSC-DU
595,PPL-DU
596,7A2-MU
597,GIL-MU
598,T5W-MU
599,WMC-MU
600,6RL-STU
601,ANWA-STU
602,CEA-STU
603,CGL-STU
604,CHP-STU
605,EGN-STU
606,I3Q-STU
607,IJ7-STU
608,IPHB-STU
609,OC5-STU
610,WBJ-STU
611,XL5-STU
612,0FO-F
613,15V-F
614,1I8-F
615,2H2-F
616,4BB1-F
617,4Z2-F
618,7I8-F
619,80M-F
620,8G6-F
621,94H-F
622,A6X-F
623,B8Y-F
624,BRD-F
625,CRP0-F
626,GTU2-F
627,LD2A-F
628,NEW-F
629,NPA-F
630,NZM-F
631,S8QN-F
632,SQ7A-F
633,SUJ0-F
634,U1S1-F
635,VACE-F
636,YSZ-F
637,VLCN-LU
638,MLIDS-PA
639,ELZ-MC
640,SPH-MC
641,PLAY-IC
642,DKIEUIXBNP-CO
643,DKIGOM-CO
644,FIIDKM-CO
645,NDIB3KL1-CO
646,NYIBDA-CO
647,SDIKON-CO
648,GDWA-EGX
649,BAPLC-XNSA
650,SCOA-XNSA
651,UBA-XNSA
652,SNEP-BC
653,NRL-SEM
654,084990-KO
655,094800-KO
656,102370-KO
657,235980-KO
658,252990-KO
659,258610-KO
660,322310-KO
661,000880-KQ
662,003200-KQ
663,004105-KQ
664,004170-KQ
665,004690-KQ
666,012030-KQ
667,024720-KQ
668,078930-KQ
669,078935-KQ
670,AGL-WAR
671,AIT-WAR
672,EXM-WAR
673,RST-WAR
674,LOADS-KAR
675,HHP-VN
676,HID-VN
677,VNT-VN
678,HAI-RO
679,0O9Q-IL
680,4749-TWO
681,BACKUBC1-LIM
682,CARTAVC1-LIM
683,TATEN-IS
684,AMAX-US
685,HTRC-US
686,MMVWW-US
687,NVNIW-US
688,PSQH-WT-US
689,SIGGF-US
690,SYF-P-B-US
691,TTYP-US
692,AMRQ-LSE
693,NIOX-LSE
694,SLFX-LSE
695,IGBT-UN-TO
696,CTG-V
697,EOX-V
698,42N-BE
699,G1V-BE
700,HAM1-BE
701,L5D-BE
702,NQ4-BE
703,PGJ-BE
704,VP6-BE
705,CTNK-HM
706,ITN-HM
707,DIO-DU
708,IPJ1-DU
709,LOR-DU
710,NWF-DU
711,PTCA-DU
712,8JN-MU
713,BOP-MU
714,DEX-MU
715,GRB-MU
716,HQK-MU
717,NOVA-MU
718,VIH1-MU
719,0NG-STU
720,13X-STU
721,6ZA-STU
722,DP9-STU
723,GBH-STU
724,KRZ-STU
725,MLL-STU
726,NBG6-STU
727,NEW-STU
728,PPL-STU
729,RCF-STU
730,T9P-STU
731,0RK-F
732,1G9-F
733,2P9A-F
734,35BN-F
735,3LL-F
736,3RKU-F
737,3WC-F
738,3YZ-F
739,42T-F
740,48X-F
741,4XJ-F
742,4YA-F
743,5AC-F
744,5FJ-F
745,65K-F
746,6HC-F
747,6NEA-F
748,847-F
749,8F4-F
750,8J2-F
751,8JI-F
752,8LS-F
753,8OQA-F
754,8PL2-F
755,8QL-F
756,901-F
757,98Q-F
758,9S2-F
759,AM1-F
760,AXI0-F
761,BD0-F
762,BF2A-F
763,BGUA-F
764,ENX-F
765,FB00-F
766,GSM-F
767,JEL-F
768,O3H-F
769,OSB-F
770,OZH1-F
771,PWE-F
772,SMKA-F
773,SMP-F
774,TBU-F
775,XPPT-F
776,XXH-F
777,YX5-F
778,SOSI-HE
779,DKIGMI-CO
780,MMIGA-CO
781,NDINASTKL1-CO
782,DSCW-EGX
783,CADBURY-XNSA
784,TIP-XNSA
785,MAGHREBAIL-BC
786,BMHL-SEM
787,SCT-SEM
788,246710-KO
789,267790-KO
790,300120-KO
791,37550K-KO
792,440820-KO
793,448740-KO
794,001450-KQ
795,001560-KQ
796,020120-KQ
797,063160-KQ
798,090350-KQ
799,BEE-WAR
800,ITX-WAR
801,ESBL-KAR
802,TRSM-KAR
803,NTSC-BK
804,688119-SHG
805,ACLN0000-CM
806,APS-VN
807,BKG-VN
808,CAP-VN
809,MVB-VN
810,VIG-VN
811,5317-KLSE
812,MILK-RO
813,NAPO-RO
814,01007T-TW
815,8359-TWO
816,SNICA-IS
817,BNJ-US
818,FGFI-US
819,FIIG-US
820,GHTI-US
821,GJS-US
822,ITGDF-US
823,KREF-P-A-US
824,RWTN-US
825,TRATY-US
826,VIPK-US
827,ALTE-LSE
828,CYBR-TO
829,FIN-V
830,MQM-V
831,2LYA-BE
832,31M-BE
833,3EQ-BE
834,8TI-BE
835,AMI-BE
836,CTAA-BE
837,GT4-BE
838,P2W-BE
839,PKTM-BE
840,WOSB-BE
841,WXV-BE
842,SB1-HM
843,ADN1-DU
844,TION-DU
845,CLIQ-MU
846,EJT1-MU
847,GPI1-MU
848,IHS-MU
849,RTZ-MU
850,S2Z-MU
851,SR9-MU
852,TQW-MU
853,TTEB-MU
854,U1B-MU
855,19V-STU
856,27V-STU
857,3T4-STU
858,AS7-STU
859,AY5-STU
860,E3B-STU
861,FWG-STU
862,LEC-STU
863,UG5A-STU
864,1AI-F
865,1L30-F
866,1X9-F
867,4I7-F
868,52BA-F
869,54K-F
870,5J3-F
871,7UP-F
872,A9F-F
873,FB20-F
874,FD8-F
875,FMN-F
876,G5O-F
877,GG20-F
878,K3R-F
879,K5F-F
880,MUY-F
881,NOGN-F
882,OHP0-F
883,PN21-F
884,R4L-F
885,RLU-F
886,SQL-F
887,TLYB-F
888,V9L-F
889,WPK-F
890,DKIDIO-CO
891,NDIAKL1-CO
892,NDIGUAKL1-CO
893,NYIKRO-CO
894,MVIR-ST
895,GOIL-GSE
896,SUNBIRD-MSE
897,CIEL-SEM
898,322780-KO
899,368600-KO
900,425290-KO
901,005720-KQ
902,011280-KQ
903,028670-KQ
904,MLP-WAR
905,TLG-WAR
906,VKT-WAR
907,CEH-AU
908,MAXI-JK
909,MEDS-JK
910,BAM-R-BK
911,301311-SHE
912,301380-SHE
913,NUVAMA-NSE
914,GLASN0000-CM
915,BVS-VN
916,SEB-VN
917,CMF-RO
918,ELGS-RO
919,EVER-RO
920,5233-TWO
921,RUBNS-IS
922,EVXX-US
923,HSCC-US
924,IBID-US
925,MSET-US
926,NITO-US
927,OBSEF-US
928,TVGNW-US
929,0ABS-LSE
930,SDCI-P-V
931,02H0-BE
932,ALM-BE
933,CPD-BE
934,DYQ-BE
935,E4S-BE
936,FOZN-BE
937,ICA-BE
938,INW-BE
939,LEV-BE
940,LS9-BE
941,RUC-BE
942,S5U5-BE
943,SND-BE
944,XTP-BE
945,ETG-HM
946,PAUJ-XETRA
947,XBTI-XETRA
948,MOH-DU
949,NXG-DU
950,SJJ-DU
951,ADN1-HA
952,CRA1-MU
953,DBV-MU
954,HIJ2-MU
955,KVO-MU
956,NYKA-MU
957,SHG-MU
958,6DW-STU
959,7CT-STU
960,C1Y-STU
961,CAR-STU
962,IPZ-STU
963,KSC-STU
964,L53-STU
965,MRI-STU
966,RJ8-STU
967,U1S1-STU
968,UG8K-STU
969,06P0-F
970,0AJ-F
971,0GT-F
972,0UG1-F
973,0VZ1-F
974,1NV-F
975,2FW-F
976,2GY-F
977,3FNA-F
978,5NE-F
979,5Q4-F
980,642-F
981,64W-F
982,73Z-F
983,7J00-F
984,7RD-F
985,7TJ0-F
986,7XC-F
987,8XA-F
988,9S6-F
989,A230-F
990,AKOA-F
991,B3M-F
992,BBD-F
993,ERV2-F
994,GU80-F
995,HA4-F
996,HF6-F
997,HFG0-F
998,KE0A-F
999,L01-F
1000,L7C2-F
1001,LA6S-F
1002,LMU1-F
1003,LQAG-F
1004,NGLD-F
1005,NMB-F
1006,O4H-F
1007,O4P-F
1008,P15-F
1009,P66-F
1010,PFR-F
1011,PUX-F
1012,Q9R-F
1013,RHRD-F
1014,S2L-F
1015,SR5-F
1016,TMRA-F
1017,UDW-F
1018,WHX-F
1019,WI20-F
1020,WRC-F
1021,Z25-F
1022,XPBRA-MC
1023,CWIEMMKL-CO
1024,DKIGIADKKH-CO
1025,PMIAAN-CO
1026,SPVBEUKL-CO
1027,SSIGEHYEURR-CO
1028,WEIOS-CO
1029,WEISSA-CO
1030,MNDRK-ST
1031,UCL-USE
1032,USL-DSE
1033,YETU-DSE
1034,CCRS-EGX
1035,DAPH-EGX
1036,GOCO-EGX
1037,EKOCORP-XNSA
1038,GREENWETF-XNSA
1039,EGH-GSE
1040,NICO-MSE
1041,UBS-SEM
1042,154030-KO
1043,256840-KO
1044,383310-KO
1045,900310-KO
1046,004985-KQ
1047,007815-KQ
1048,009270-KQ
1049,017180-KQ
1050,023530-KQ
1051,034120-KQ
1052,KSOFT-BUD
1053,PIT-WAR
1054,BECO-KAR
1055,BNL-KAR
1056,DEL-KAR
1057,FEM-KAR
1058,P01GIS091224-KAR
1059,UBDL-KAR
1060,UBLPETF-KAR
1061,NAYZ-JK
1062,RAAM-JK
1063,301397-SHE
1064,IEL-NSE
1065,SD6-VN
1066,SRA-VN
1067,TPP-VN
1068,VHE-VN
1069,RIVP-ZSE
1070,2888A-TW
1071,OBASE-IS
1072,AEON-WT-US
1073,BUXX-US
1074,CNLK-US
1075,DMNB-US
1076,GLNK-US
1077,NMKCP-US
1078,RBNK-US
1079,RSRUS-US
1080,SAMT-US
1081,VGRDF-US
1082,LBS-LSE
1083,GWO-PY-TO
1084,ADJ-P-V
1085,EGR-V
1086,4G1-BE
1087,A77-BE
1088,FLN-BE
1089,GQ8-BE
1090,IDD-BE
1091,M7U-BE
1092,MGT-BE
1093,PU8-BE
1094,XDH-BE
1095,YBB-BE
1096,GBQ-HM
1097,RTC-HM
1098,SOH1-XETRA
1099,ARO-DU
1100,JMT2-DU
1101,Q11-DU
1102,RCF-DU
1103,H6D0-HA
1104,AC8-MU
1105,SEW-MU
1106,U1P-MU
1107,36L-STU
1108,3LQ-STU
1109,CHN-STU
1110,CTI-STU
1111,CUV-STU
1112,DKOB-STU
1113,MY4-STU
1114,RIOA-STU
1115,TYU2-STU
1116,00B-F
1117,0ZM-F
1118,1CA0-F
1119,2Y1-F
1120,38E-F
1121,4A6-F
1122,52J-F
1123,57U0-F
1124,59V-F
1125,5IE-F
1126,5O7-F
1127,5UU1-F
1128,6QP-F
1129,6VZ-F
1130,74O-F
1131,7YB-F
1132,7ZV-F
1133,8CD1-F
1134,AT9-F
1135,BBW0-F
1136,CF9-F
1137,CW0-F
1138,D60-F
1139,E7V0-F
1140,GO4-F
1141,H6H-F
1142,I970-F
1143,JBG-F
1144,M4I0-F
1145,M5Q-F
1146,OMY-F
1147,PP7-F
1148,S86-F
1149,TN7-F
1150,WRG-F
1151,X0S-F
1152,Y2Z-F
1153,GREEN-SW
1154,BAIBDA-CO
1155,BAIEUAAUAA-CO
1156,MAJGO-CO
1157,NDIDKKL1-CO
1158,SYIGEAADKK-CO
1159,MBSC-EGX
1160,ORWE-EGX
1161,UACN-XNSA
1162,ICON-MSE
1163,KCB-XNAI
1164,099390-KO
1165,187660-KO
1166,228670-KO
1167,313760-KO
1168,351330-KO
1169,370090-KO
1170,012800-KQ
1171,362320-KQ
1172,COMMB-BUD
1173,HMP-WAR
1174,LPC-PSE
1175,CWSM-KAR
1176,GRR-KAR
1177,SFL-KAR
1178,UNIC-KAR
1179,CRSN-JK
1180,MPIX-JK
1181,301488-SHE
1182,JUNIPER-NSE
1183,688152-SHG
1184,688352-SHG
1185,HUNTN0000-CM
1186,KOTAN0000-CM
1187,RGEMN0000-CM
1188,HUB-VN
1189,KSQ-VN
1190,NDN-VN
1191,PTS-VN
1192,VC1-VN
1193,CRC-RO
1194,ELV-RO
1195,4771-TWO
1196,SURGY-IS
1197,AGGH-US
1198,ANTI-US
1199,ARHAS-US
1200,BSSC-US
1201,ITDI-US
1202,ITRE-US
1203,PSFE-WT-US
1204,UPLL-LSE
1205,AMYA-P-V
1206,0YC-BE
1207,C5E-BE
1208,DMB-BE
1209,H2Y-BE
1210,J2E-BE
1211,JI5-BE
1212,N8C-BE
1213,NYG1-BE
1214,OIZ-BE
1215,PTJ-BE
1216,QJQ-BE
1217,SGG-BE
1218,SMWN-BE
1219,VQI-BE
1220,BTQ-HM
1221,UHR-HM
1222,AJXA-DU
1223,LO3-DU
1224,NEQ-DU
1225,T2V1-DU
1226,599A-MU
1227,6AH-MU
1228,ITB-MU
1229,M0YN-MU
1230,N7E-MU
1231,RIO1-MU
1232,TM9-MU
1233,VPK5-MU
1234,WWR-MU
1235,AN9-STU
1236,BPS-STU
1237,EAD-STU
1238,FBLM-STU
1239,GZT-STU
1240,IMW-STU
1241,JHU1-STU
1242,NCO-STU
1243,P2F-STU
1244,P3K-STU
1245,PF8-STU
1246,R1Y-STU
1247,0ZA-F
1248,1EP-F
1249,1IH-F
1250,1K0-F
1251,2A8-F
1252,2DE-F
1253,2XK-F
1254,3LR-F
1255,3S8-F
1256,4A8-F
1257,4S4-F
1258,4Z9-F
1259,6M0A-F
1260,6N2-F
1261,74X-F
1262,7IR-F
1263,7YR-F
1264,837-F
1265,87W-F
1266,8G7-F
1267,8Z4-F
1268,9GK-F
1269,9QQ-F
1270,9UD-F
1271,9ZK-F
1272,BJR-F
1273,BLDA-F
1274,BW6-F
1275,CX40-F
1276,CZTA-F
1277,FQZ-F
1278,G2U0-F
1279,H56-F
1280,HL9D-F
1281,IT3-F
1282,JEM0-F
1283,K7X-F
1284,LCQ-F
1285,NVDG-F
1286,OCI-F
1287,RI4A-F
1288,RW8-F
1289,V7A0-F
1290,Z0Y-F
1291,CLEN-VI
1292,VU-PA
1293,MAJGRO-CO
1294,NYIDA-CO
1295,JHL-DSE
1296,ADPC-EGX
1297,PHAR-EGX
1298,GOLDBREW-XNSA
1299,CENTUM-XNAI
1300,EACABLES-XNAI
1301,CDM-BC
1302,UTIN-SEM
1303,168360-KO
1304,214610-KO
1305,227610-KO
1306,290120-KO
1307,093240-KQ
1308,WPR-WAR
1309,BFMOD-KAR
1310,SMIL-JK
1311,DIF-BK
1312,SJWD-R-BK
1313,TPL-BK
1314,GCMEZZ-AT
1315,CELSIA-CM
1316,KFPN0000-CM
1317,TAFLN0000-CM
1318,WATAN0000-CM
1319,LHC-VN
1320,PSD-VN
1321,SLS-VN
1322,THT-VN
1323,0255-KLSE
1324,ALT-RO
1325,MCAB-RO
1326,INTERBC1-LIM
1327,CYPMF-US
1328,GBUX-US
1329,GUG-US
1330,LTCN-US
1331,SRLY-US
1332,STHRF-US
1333,TGMR-US
1334,JEMA-LSE
1335,PWF-PH-TO
1336,3MW-BE
1337,4T2-BE
1338,B4Z-BE
1339,EV1-BE
1340,FAU-BE
1341,MA6-BE
1342,PX5-BE
1343,R1Y-BE
1344,T9V-BE
1345,WR0-BE
1346,CORE-DU
1347,EM7A-MU
1348,LSX-MU
1349,RPHA-MU
1350,3IM-STU
1351,9R9-STU
1352,A89-STU
1353,GYX-STU
1354,INFA-STU
1355,JOX-STU
1356,LNLB-STU
1357,M3N-STU
1358,MMT-STU
1359,SKVB-STU
1360,TK2A-STU
1361,XGH-STU
1362,2ZT-F
1363,3WK0-F
1364,3Z3-F
1365,4ZU0-F
1366,55I0-F
1367,70X-F
1368,7IH-F
1369,86L-F
1370,8CY-F
1371,8JZ-F
1372,8WS-F
1373,9B2-F
1374,9PS-F
1375,9XA-F
1376,AP4N-F
1377,BNPH-F
1378,BNQQ-F
1379,D3H0-F
1380,GVM0-F
1381,H0I-F
1382,HC1A-F
1383,HMIA-F
1384,KDID-F
1385,KDM-F
1386,KUOA-F
1387,M0G-F
1388,NDA1-F
1389,NXS0-F
1390,O4D-F
1391,PF6-F
1392,Q49-F
1393,S4O0-F
1394,SRPB-F
1395,TF8-F
1396,V72-F
1397,VUL-F
1398,VVUD-F
1399,WY60-F
1400,X92-F
1401,DKIGSFUT-CO
1402,NDIGSCKL1-CO
1403,NIC-USE
1404,RAKT-EGX
1405,EGL-GSE
1406,037030-KO
1407,223250-KO
1408,282720-KO
1409,294090-KO
1410,302430-KO
1411,347000-KO
1412,417010-KO
1413,424140-KO
1414,011230-KQ
1415,044380-KQ
1416,052690-KQ
1417,084680-KQ
1418,092230-KQ
1419,393890-KQ
1420,452400-KQ
1421,GGGL-KAR
1422,CD1-AU
1423,SCL-BK
1424,301202-SHE
1425,MEDIASSIST-NSE
1426,688539-SHG
1427,688603-SHG
1428,ASIYN0000-CM
1429,LALUN0000-CM
1430,SMOTN0000-CM
1431,API-VN
1432,PDB-VN
1433,SZC-VN
1434,VIF-VN
1435,0R9I-IL
1436,ATAKP-IS
1437,OFSYM-IS
1438,CHTM-US
1439,GJH-US
1440,JVSAR-US
1441,OMDD-US
1442,SHGR-US
1443,ESP-TO
1444,FFN-PA-TO
1445,2GB-BE
1446,AAM-BE
1447,BME-BE
1448,CBE-BE
1449,FTRK-BE
1450,GUL-BE
1451,MBQ-BE
1452,OXK-BE
1453,PBY-BE
1454,PHT-BE
1455,PV6-BE
1456,RGD1-BE
1457,SWJA-BE
1458,UCH-BE
1459,WCQ1-BE
1460,BY6-HM
1461,3D6-DU
1462,B8A-DU
1463,CEK-DU
1464,HG1-DU
1465,30M-MU
1466,H9Y-MU
1467,S5U5-MU
1468,SY1-MU
1469,WON1-MU
1470,45S-STU
1471,A5G-STU
1472,BH5-STU
1473,C20-STU
1474,CWB-STU
1475,CWF-STU
1476,FPC-STU
1477,SJJ-STU
1478,VMR1-STU
1479,08HH-F
1480,0CF-F
1481,0FE-F
1482,0SEA-F
1483,0T8B-F
1484,17V-F
1485,1RC-F
1486,5LD-F
1487,63U-F
1488,695-F
1489,6VD-F
1490,7PL-F
1491,7X2-F
1492,8N1-F
1493,8OT-F
1494,8U5-F
1495,927-F
1496,9G5-F
1497,A531-F
1498,ASI-F
1499,BEW-F
1500,BF1-F
1501,BKP0-F
1502,CWW0-F
1503,DFYA-F
1504,EG40-F
1505,EVTA-F
1506,FL8-F
1507,FM5-F
1508,GC30-F
1509,GPPB-F
1510,GR0A-F
1511,HFG-F
1512,HHFB-F
1513,IB3A-F
1514,K0I-F
1515,MHK-F
1516,N79-F
1517,OX3-F
1518,SFY-F
1519,SKX-F
1520,SRAG-F
1521,TR3-F
1522,XYTA-F
1523,MLAAH-PA
1524,MLWEL-PA
1525,BSKSMCDKAKL-CO
1526,GRIEJD-CO
1527,SDIVKS-CO
1528,PBC-GSE
1529,CTL-XNAI
1530,NMG-XNAI
1531,108490-KO
1532,198440-KO
1533,290660-KO
1534,319400-KO
1535,322510-KO
1536,347890-KO
1537,405920-KO
1538,000700-KQ
1539,005180-KQ
1540,005305-KQ
1541,011785-KQ
1542,011790-KQ
1543,382900-KQ
1544,406820-KQ
1545,445090-KQ
1546,KLN-WAR
1547,MVR-WAR
1548,FTMM-KAR
1549,PRWM-KAR
1550,PTL-KAR
1551,IMPQ-AU
1552,FWCT-JK
1553,SCAP-BK
1554,TFFIF-BK
1555,301315-SHE
1556,REDTAPE-NSE
1557,603255-SHG
1558,688348-SHG
1559,DPLN0000-CM
1560,HUNAN0000-CM
1561,PABCN0000-CM
1562,PPE-VN
1563,PVB-VN
1564,TDN-VN
1565,0RQ8-IL
1566,4546-TWO
1567,AUNM-US
1568,BKKT-WT-US
1569,CLOX-US
1570,IBIB-US
1571,LEHLQ-US
1572,LOBO-US
1573,PORCF-US
1574,PWLK-US
1575,SRQRF-US
1576,SYNX-US
1577,WMLMF-US
1578,WRLC-US
1579,0QYP-LSE
1580,FTU-PB-TO
1581,GPAC-V
1582,3BA-BE
1583,ATY-BE
1584,AZP-BE
1585,B3K-BE
1586,BRL1-BE
1587,CHK-BE
1588,DZJ-BE
1589,HSG-BE
1590,IG7-BE
1591,MMT-BE
1592,RBT-BE
1593,YIJ-BE
1594,OBS-HM
1595,ABCH-XETRA
1596,CTAA-DU
1597,SCT-DU
1598,AIR-HA
1599,BOU1-MU
1600,BUHA-MU
1601,G5HA-MU
1602,MPV-MU
1603,OBS-MU
1604,SGI-MU
1605,STS1-MU
1606,UUEC-MU
1607,VVU-MU
1608,28W-STU
1609,3MG-STU
1610,7S8-STU
1611,8SF-STU
1612,BB2-STU
1613,BGC-STU
1614,DMB-STU
1615,EZP1-STU
1616,G24-STU
1617,H2K2-STU
1618,I5P-STU
1619,IVKA-STU
1620,MX7A-STU
1621,0CKA-F
1622,0GO-F
1623,0K4-F
1624,0ON-F
1625,1BD-F
1626,22T-F
1627,28L-F
1628,2N6-F
1629,4H7-F
1630,5KA0-F
1631,5LU-F
1632,6NCA-F
1633,6Q1-F
1634,7E3-F
1635,7F8-F
1636,7HZ-F
1637,7QZ-F
1638,84SA-F
1639,87M-F
1640,8IL-F
1641,8NW-F
1642,8V8-F
1643,9960-F
1644,9NPA-F
1645,A5SA-F
1646,AMH-F
1647,AOMU-F
1648,B1O-F
1649,C7B-F
1650,E1P0-F
1651,E2H-F
1652,EY7-F
1653,FXL-F
1654,G0F-F
1655,GG7-F
1656,GUZA-F
1657,HUV-F
1658,ID9-F
1659,KAP0-F
1660,KT7-F
1661,L0T-F
1662,LE4A-F
1663,NS70-F
1664,RMFA-F
1665,U09-F
1666,V8M-F
1667,X2S1-F
1668,YBV0-F
1669,Z45-F
1670,ZIL-F
1671,BE0941243520-BR
1672,XGLD-SW
1673,BAIGOAUAA-CO
1674,BAIKLA-CO
1675,JYIHRV-CO
1676,SPIMRA-CO
1677,ACAD-IL-ST
1678,KCB-RSE
1679,GOLDINSURE-XNSA
1680,OMATEK-XNSA
1681,101360-KO
1682,389140-KO
1683,003780-KQ
1684,005725-KQ
1685,007210-KQ
1686,024890-KQ
1687,032560-KQ
1688,344860-KQ
1689,NWA-WAR
1690,PRO-WAR
1691,ACPAR-PSE
1692,ASHT-KAR
1693,CYAN-KAR
1694,GEMSPNL-KAR
1695,MOGL-AU
1696,TEE-AU
1697,MTW-BK
1698,NETWEB-NSE
1699,603082-SHG
1700,688400-SHG
1701,BRRN0000-CM
1702,PCH-VN
1703,VBC-VN
1704,VLA-VN
1705,0292-KLSE
1706,BRNA-RO
1707,WUSH-MCX
1708,CVERDEC1-LIM
1709,SCOTIAC1-LIM
1710,MNII-US
1711,OHTR-US
1712,QUCT-US
1713,SMVS-US
1714,TPTA-US
1715,CPIC-LSE
1716,DGI9-LSE
1717,KLSO-LSE
1718,PPL-PFA-TO
1719,ADC-P-V
1720,AXET-P-V
1721,6S3-BE
1722,A1B-BE
1723,AJ91-BE
1724,BON-BE
1725,DTD2-BE
1726,IH2A-BE
1727,MNZ-BE
1728,MRY-BE
1729,N9J-BE
1730,NXS-BE
1731,RI7-BE
1732,YAK-BE
1733,3EC-DU
1734,FO4N-DU
1735,M3T-DU
1736,UCM-DU
1737,UNVB-HA
1738,MXD-MU
1739,RJ8-MU
1740,TIB1-MU
1741,3BY3-STU
1742,45P-STU
1743,49S-STU
1744,4G8-STU
1745,BOF-STU
1746,BXZ-STU
1747,C4S1-STU
1748,DL8-STU
1749,FMK-STU
1750,FWQ-STU
1751,HI6-STU
1752,ILZ-STU
1753,M12-STU
1754,ORG-STU
1755,SMC-STU
1756,TJI-STU
1757,XGR2-STU
1758,05Y-F
1759,0YD-F
1760,20U-F
1761,24S-F
1762,2JS-F
1763,2SE-F
1764,48D-F
1765,4IIA-F
1766,53C-F
1767,5CR0-F
1768,5H9-F
1769,5JG-F
1770,5V8-F
1771,63V-F
1772,6DV-F
1773,6LC-F
1774,6QH-F
1775,74F-F
1776,7CY-F
1777,81N-F
1778,8BN-F
1779,8C11-F
1780,96W-F
1781,97E0-F
1782,9VK-F
1783,DW2-F
1784,E9Q-F
1785,EF30-F
1786,EML-F
1787,FOAA-F
1788,H0O-F
1789,H3Q-F
1790,HCE-F
1791,JUA-F
1792,LDBA-F
1793,M82-F
1794,MV6-F
1795,N4T-F
1796,N7D2-F
1797,NB11-F
1798,NGO-F
1799,O08-F
1800,PFEB-F
1801,PT0A-F
1802,S2K1-F
1803,S8E-F
1804,UFP-F
1805,URU-F
1806,ZCY-F
1807,MLAA-PA
1808,MLVAZ-PA
1809,OLGERD-IC
1810,DKIGI-CO
1811,NDIGSEKL1-CO
1812,LUMEN-ST
1813,NAHO-EGX
1814,SVCE-EGX
1815,ABBEYBDS-XNSA
1816,SUNUASSUR-XNSA
1817,ZENITHBANK-XNSA
1818,CPC-GSE
1819,PBL-SEM
1820,MTAV-TA
1821,175250-KO
1822,267980-KO
1823,330350-KO
1824,332370-KO
1825,391710-KO
1826,403870-KO
1827,457190-KO
1828,003475-KQ
1829,003520-KQ
1830,005387-KQ
1831,010770-KQ
1832,017940-KQ
1833,034590-KQ
1834,035510-KQ
1835,129260-KQ
1836,GDC-WAR
1837,PDG-WAR
1838,PRN-WAR
1839,BIFO-KAR
1840,PMRS-KAR
1841,SBL-KAR
1842,SHDT-KAR
1843,WAHN-KAR
1844,AGX1-AU
1845,TOK-AU
1846,FOLK-JK
1847,NINE-JK
1848,CH-BK
1849,DOHOME-R-BK
1850,688031-SHG
1851,688170-SHG
1852,HPFLN0000-CM
1853,JATN0000-CM
1854,LGL-VN
1855,PHN-VN
1856,CRE3W-BA
1857,2887Z1-TW
1858,4569-TW
1859,6919-TWO
1860,PASEU-IS
1861,BBOP-US
1862,HOJI-US
1863,JERTQ-US
1864,MNKA-US
1865,ROMA-US
1866,SAGAR-US
1867,SCCD-US
1868,ZWQT-TO
1869,LNGE-V
1870,3NR-BE
1871,42S-BE
1872,4AS-BE
1873,C4X-BE
1874,D2E-BE
1875,D6F-BE
1876,H6W-BE
1877,KX2-BE
1878,LS4C-BE
1879,LYF-BE
1880,OYD-BE
1881,SD0-BE
1882,TB8A-BE
1883,VB0-BE
1884,NAK-HM
1885,BSP-DU
1886,HGEA-DU
1887,BBI-MU
1888,BON-MU
1889,BRNK-MU
1890,CRP-MU
1891,CUEH-MU
1892,EM3A-MU
1893,FNI-MU
1894,IB5A-MU
1895,II8-MU
1896,RLF-MU
1897,6MM-STU
1898,7TA-STU
1899,DSR-STU
1900,EB9-STU
1901,EP3-STU
1902,LN1-STU
1903,MRR-STU
1904,MSBA-STU
1905,SNVA-STU
1906,ZA0-STU
1907,05B-F
1908,0SV-F
1909,1YO-F
1910,3KF-F
1911,3RW-F
1912,4AJ0-F
1913,4JO-F
1914,52U-F
1915,5HF-F
1916,5HW-F
1917,6HO-F
1918,6LS0-F
1919,6UT-F
1920,71T-F
1921,862-F
1922,8FG-F
1923,8HX-F
1924,9G6-F
1925,9YM-F
1926,B7X1-F
1927,BREA-F
1928,D9AA-F
1929,H6D-F
1930,J0C-F
1931,L5R-F
1932,NRV-F
1933,PZE-F
1934,SGHB-F
1935,T0A-F
1936,T6N-F
1937,TJV-F
1938,TOV0-F
1939,UIO-F
1940,ZTOB-F
1941,MANTA-HE
1942,IIVBONDESG-CO
1943,SRIGAU-CO
1944,DCB-DSE
1945,FIXED-PR
1946,RMDA-EGX
1947,CAP-XNSA
1948,SIAMLETF40-XNSA
1949,BAYP-SEM
1950,035900-KO
1951,336060-KO
1952,354200-KO
1953,365340-KO
1954,448760-KO
1955,000230-KQ
1956,002355-KQ
1957,004370-KQ
1958,004410-KQ
1959,MTN-WAR
1960,AGL-KAR
1961,GGL-KAR
1962,UCAPM-KAR
1963,CINPA-AU
1964,HYGG-AU
1965,EASF-NSE
1966,VSTL-NSE
1967,688525-SHG
1968,LHLN0000-CM
1969,MELN0000-CM
1970,NBW-VN
1971,PSE-VN
1972,CCOM-RO
1973,KTLEV-IS
1974,OBAMS-IS
1975,CYTT-US
1976,GEGGL-US
1977,GRND-WT-US
1978,HCKG-US
1979,HNNAZ-US
1980,HNRA-WT-US
1981,JMSI-US
1982,KIM-P-N-US
1983,MCHN-US
1984,RKLC-US
1985,ZBAL-TO
1986,UPS-NEO
1987,TLX-P-V
1988,1KK1-BE
1989,3SC-BE
1990,CHP-BE
1991,EBZ-BE
1992,EDJ-BE
1993,FAG-BE
1994,N5C-BE
1995,NUC-BE
1996,SPM-BE
1997,SUJ-BE
1998,TR9-BE
1999,AOMD-HM
2000,ST5-DU
2001,AMG-HA
2002,WFC-HA
2003,27F0-MU
2004,AO9-MU
2005,CHA-MU
2006,FEX-MU
2007,RJN-MU
2008,SPT6-MU
2009,2X1-STU
2010,5P1-STU
2011,A1B-STU
2012,BZU-STU
2013,E3E-STU
2014,1N5-F
2015,20L-F
2016,2NA-F
2017,2UE-F
2018,3RH-F
2019,48S1-F
2020,4SA-F
2021,4VN-F
2022,59U-F
2023,61N1-F
2024,69M-F
2025,69U-F
2026,6EO-F
2027,6R5-F
2028,7CD0-F
2029,7H7-F
2030,7K90-F
2031,88M-F
2032,8K0-F
2033,8ZM-F
2034,95D-F
2035,9IX-F
2036,9UZ-F
2037,A351-F
2038,A6I-F
2039,AMMN-F
2040,BD8-F
2041,D0G-F
2042,F1S-F
2043,F40-F
2044,GDT0-F
2045,GRW-F
2046,IU20-F
2047,J2BA-F
2048,JA4-F
2049,KCG-F
2050,KTN-F
2051,M7P-F
2052,N7I-F
2053,PRP0-F
2054,R6Z-F
2055,S0D-F
2056,T0T-F
2057,TC50-F
2058,V67A-F
2059,XPPE-F
2060,YGAV-MC
2061,MERIH-HE
2062,DKINVO-CO
2063,NDIHOJLKL1-CO
2064,NDINOSKL1-CO
2065,SYIULVADKK-CO
2066,WEKAFKI-CO
2067,EPEN-ST
2068,DSE-DSE
2069,UQA-PR
2070,MINERGY-XBOT
2071,ACAP-EGX
2072,ASCM-EGX
2073,SKPC-EGX
2074,UNIP-EGX
2075,GCB-GSE
2076,SAFARI-XNAI
2077,BALIMA-BC
2078,SAMIR-BC
2079,MIWA-SEM
2080,QBL-SEM
2081,044340-KO
2082,111710-KO
2083,196170-KO
2084,290670-KO
2085,294140-KO
2086,294630-KO
2087,317690-KO
2088,323280-KO
2089,362320-KO
2090,372170-KO
2091,000215-KQ
2092,000810-KQ
2093,001360-KQ
2094,003535-KQ
2095,004250-KQ
2096,010820-KQ
2097,016090-KQ
2098,016610-KQ
2099,079430-KQ
2100,RCM-WAR
2101,AGIC-KAR
2102,MFL-KAR
2103,PIM-KAR
2104,SNBLTFC4-KAR
2105,ONEE-R-BK
2106,301252-SHE
